createTables, Sun May 28 16:19:32 EEST 2023
createTables, Sun May 28 16:23:44 EEST 2023
createTables, Sun May 28 16:24:13 EEST 2023
createTables, Sun May 28 16:25:50 EEST 2023
createTables, Sun May 28 16:25:58 EEST 2023
createTables, Sun May 28 16:26:30 EEST 2023
createTables, Sun May 28 16:29:28 EEST 2023
createTables, Sun May 28 16:35:07 EEST 2023
createTables, Sun May 28 16:36:11 EEST 2023
createTables, Sun May 28 16:36:42 EEST 2023
createTables, Sun May 28 16:38:16 EEST 2023
createTables, Sun May 28 16:40:42 EEST 2023
createTables, Sun May 28 16:42:28 EEST 2023
createTables, Sun May 28 16:44:00 EEST 2023
addMechanic, Sun May 28 16:44:00 EEST 2023
addMechanic, Sun May 28 16:44:00 EEST 2023
addMechanic, Sun May 28 16:44:00 EEST 2023
getMechanics, Sun May 28 16:44:00 EEST 2023
createTables, Sun May 28 16:44:20 EEST 2023
createTables, Sun May 28 16:46:31 EEST 2023
createTables, Sun May 28 16:47:04 EEST 2023
addMechanic, Sun May 28 16:47:04 EEST 2023
addMechanic, Sun May 28 16:47:04 EEST 2023
addMechanic, Sun May 28 16:47:04 EEST 2023
getMechanics, Sun May 28 16:47:04 EEST 2023
createTables, Sun May 28 16:48:13 EEST 2023
addMechanic, Sun May 28 16:48:13 EEST 2023
addMechanic, Sun May 28 16:48:13 EEST 2023
addMechanic, Sun May 28 16:48:13 EEST 2023
getMechanics, Sun May 28 16:48:13 EEST 2023
addMaker, Sun May 28 16:48:13 EEST 2023
addMaker, Sun May 28 16:48:13 EEST 2023
addMaker, Sun May 28 16:48:13 EEST 2023
getMakers, Sun May 28 16:48:13 EEST 2023
addTurret, Sun May 28 16:48:13 EEST 2023
addTurret, Sun May 28 16:48:13 EEST 2023
createTables, Sun May 28 16:49:10 EEST 2023
addMechanic, Sun May 28 16:49:11 EEST 2023
addMechanic, Sun May 28 16:49:11 EEST 2023
addMechanic, Sun May 28 16:49:11 EEST 2023
getMechanics, Sun May 28 16:49:11 EEST 2023
addMaker, Sun May 28 16:49:11 EEST 2023
addMaker, Sun May 28 16:49:11 EEST 2023
addMaker, Sun May 28 16:49:11 EEST 2023
getMakers, Sun May 28 16:49:11 EEST 2023
addTurret, Sun May 28 16:49:11 EEST 2023
addTurret, Sun May 28 16:49:11 EEST 2023
addTurret, Sun May 28 16:49:11 EEST 2023
getTurrets, Sun May 28 16:49:11 EEST 2023
createTables, Sun May 28 16:50:19 EEST 2023
addMechanic, Sun May 28 16:50:20 EEST 2023
addMechanic, Sun May 28 16:50:20 EEST 2023
addMechanic, Sun May 28 16:50:20 EEST 2023
getMechanics, Sun May 28 16:50:20 EEST 2023
addMaker, Sun May 28 16:50:20 EEST 2023
addMaker, Sun May 28 16:50:20 EEST 2023
addMaker, Sun May 28 16:50:20 EEST 2023
getMakers, Sun May 28 16:50:20 EEST 2023
addTurret, Sun May 28 16:50:20 EEST 2023
addTurret, Sun May 28 16:50:20 EEST 2023
addTurret, Sun May 28 16:50:20 EEST 2023
getTurrets, Sun May 28 16:50:20 EEST 2023
createTables, Sun May 28 16:51:11 EEST 2023
addMechanic, Sun May 28 16:51:11 EEST 2023
addMechanic, Sun May 28 16:51:11 EEST 2023
addMechanic, Sun May 28 16:51:11 EEST 2023
getMechanics, Sun May 28 16:51:11 EEST 2023
addMaker, Sun May 28 16:51:11 EEST 2023
addMaker, Sun May 28 16:51:11 EEST 2023
addMaker, Sun May 28 16:51:11 EEST 2023
getMakers, Sun May 28 16:51:11 EEST 2023
addTurret, Sun May 28 16:51:11 EEST 2023
addTurret, Sun May 28 16:51:11 EEST 2023
addTurret, Sun May 28 16:51:11 EEST 2023
getTurrets, Sun May 28 16:51:11 EEST 2023
createTables, Sun May 28 16:59:57 EEST 2023
addMechanic, Sun May 28 16:59:57 EEST 2023
addMechanic, Sun May 28 16:59:57 EEST 2023
addMechanic, Sun May 28 16:59:57 EEST 2023
getMechanics, Sun May 28 16:59:57 EEST 2023
addMaker, Sun May 28 16:59:58 EEST 2023
addMaker, Sun May 28 16:59:58 EEST 2023
addMaker, Sun May 28 16:59:58 EEST 2023
getMakers, Sun May 28 16:59:58 EEST 2023
addTurret, Sun May 28 16:59:58 EEST 2023
addTurret, Sun May 28 16:59:58 EEST 2023
addTurret, Sun May 28 16:59:58 EEST 2023
getTurrets, Sun May 28 16:59:58 EEST 2023
createTables, Sun May 28 17:01:12 EEST 2023
addMechanic, Sun May 28 17:01:12 EEST 2023
addMechanic, Sun May 28 17:01:12 EEST 2023
addMechanic, Sun May 28 17:01:12 EEST 2023
getMechanics, Sun May 28 17:01:12 EEST 2023
addMaker, Sun May 28 17:01:13 EEST 2023
addMaker, Sun May 28 17:01:13 EEST 2023
addMaker, Sun May 28 17:01:13 EEST 2023
getMakers, Sun May 28 17:01:13 EEST 2023
addTurret, Sun May 28 17:01:13 EEST 2023
addTurret, Sun May 28 17:01:13 EEST 2023
addTurret, Sun May 28 17:01:13 EEST 2023
getTurrets, Sun May 28 17:01:13 EEST 2023
createTables, Sun May 28 17:05:46 EEST 2023
addMechanic, Sun May 28 17:05:47 EEST 2023
addMechanic, Sun May 28 17:05:47 EEST 2023
addMechanic, Sun May 28 17:05:47 EEST 2023
getMechanics, Sun May 28 17:05:47 EEST 2023
addMaker, Sun May 28 17:05:47 EEST 2023
addMaker, Sun May 28 17:05:47 EEST 2023
addMaker, Sun May 28 17:05:47 EEST 2023
getMakers, Sun May 28 17:05:47 EEST 2023
addTurret, Sun May 28 17:05:47 EEST 2023
addTurret, Sun May 28 17:05:47 EEST 2023
addTurret, Sun May 28 17:05:47 EEST 2023
getTurrets, Sun May 28 17:05:47 EEST 2023
createTables, Sun May 28 17:09:18 EEST 2023
addMechanic, Sun May 28 17:09:19 EEST 2023
addMechanic, Sun May 28 17:09:19 EEST 2023
addMechanic, Sun May 28 17:09:19 EEST 2023
getMechanics, Sun May 28 17:09:19 EEST 2023
addMaker, Sun May 28 17:09:19 EEST 2023
addMaker, Sun May 28 17:09:19 EEST 2023
addMaker, Sun May 28 17:09:19 EEST 2023
getMakers, Sun May 28 17:09:19 EEST 2023
addTurret, Sun May 28 17:09:19 EEST 2023
addTurret, Sun May 28 17:09:19 EEST 2023
addTurret, Sun May 28 17:09:19 EEST 2023
getTurrets, Sun May 28 17:09:19 EEST 2023
createTables, Sun May 28 17:11:34 EEST 2023
addMechanic, Sun May 28 17:11:35 EEST 2023
addMechanic, Sun May 28 17:11:35 EEST 2023
addMechanic, Sun May 28 17:11:35 EEST 2023
getMechanics, Sun May 28 17:11:35 EEST 2023
addMaker, Sun May 28 17:11:35 EEST 2023
addMaker, Sun May 28 17:11:35 EEST 2023
addMaker, Sun May 28 17:11:35 EEST 2023
getMakers, Sun May 28 17:11:35 EEST 2023
addTurret, Sun May 28 17:11:35 EEST 2023
addTurret, Sun May 28 17:11:35 EEST 2023
addTurret, Sun May 28 17:11:35 EEST 2023
getTurrets, Sun May 28 17:11:35 EEST 2023
addCannon, Sun May 28 17:11:35 EEST 2023
createTables, Sun May 28 17:13:06 EEST 2023
addMechanic, Sun May 28 17:13:06 EEST 2023
addMechanic, Sun May 28 17:13:06 EEST 2023
addMechanic, Sun May 28 17:13:06 EEST 2023
getMechanics, Sun May 28 17:13:06 EEST 2023
addMaker, Sun May 28 17:13:06 EEST 2023
addMaker, Sun May 28 17:13:06 EEST 2023
addMaker, Sun May 28 17:13:06 EEST 2023
getMakers, Sun May 28 17:13:06 EEST 2023
addTurret, Sun May 28 17:13:06 EEST 2023
addTurret, Sun May 28 17:13:06 EEST 2023
addTurret, Sun May 28 17:13:06 EEST 2023
getTurrets, Sun May 28 17:13:06 EEST 2023
addCannon, Sun May 28 17:13:06 EEST 2023
addCannon, Sun May 28 17:13:06 EEST 2023
addCannon, Sun May 28 17:13:06 EEST 2023
getCannons, Sun May 28 17:13:06 EEST 2023
addEngine, Sun May 28 17:13:06 EEST 2023
addEngine, Sun May 28 17:13:06 EEST 2023
addEngine, Sun May 28 17:13:06 EEST 2023
getEngines, Sun May 28 17:13:06 EEST 2023
addTank, Sun May 28 17:13:06 EEST 2023
addTank, Sun May 28 17:13:06 EEST 2023
createTables, Sun May 28 17:13:45 EEST 2023
addMechanic, Sun May 28 17:13:45 EEST 2023
addMechanic, Sun May 28 17:13:45 EEST 2023
addMechanic, Sun May 28 17:13:45 EEST 2023
getMechanics, Sun May 28 17:13:45 EEST 2023
addMaker, Sun May 28 17:13:45 EEST 2023
addMaker, Sun May 28 17:13:45 EEST 2023
addMaker, Sun May 28 17:13:45 EEST 2023
getMakers, Sun May 28 17:13:45 EEST 2023
addTurret, Sun May 28 17:13:45 EEST 2023
addTurret, Sun May 28 17:13:45 EEST 2023
addTurret, Sun May 28 17:13:45 EEST 2023
getTurrets, Sun May 28 17:13:45 EEST 2023
addCannon, Sun May 28 17:13:45 EEST 2023
addCannon, Sun May 28 17:13:45 EEST 2023
addCannon, Sun May 28 17:13:45 EEST 2023
getCannons, Sun May 28 17:13:45 EEST 2023
addEngine, Sun May 28 17:13:45 EEST 2023
addEngine, Sun May 28 17:13:45 EEST 2023
addEngine, Sun May 28 17:13:45 EEST 2023
getEngines, Sun May 28 17:13:45 EEST 2023
addTank, Sun May 28 17:13:45 EEST 2023
addTank, Sun May 28 17:13:45 EEST 2023
addTank, Sun May 28 17:13:45 EEST 2023
getTanks, Sun May 28 17:13:45 EEST 2023
createTables, Sun May 28 17:16:12 EEST 2023
addMechanic, Sun May 28 17:16:12 EEST 2023
addMechanic, Sun May 28 17:16:12 EEST 2023
addMechanic, Sun May 28 17:16:12 EEST 2023
getMechanics, Sun May 28 17:16:12 EEST 2023
addMaker, Sun May 28 17:16:12 EEST 2023
addMaker, Sun May 28 17:16:12 EEST 2023
addMaker, Sun May 28 17:16:12 EEST 2023
getMakers, Sun May 28 17:16:12 EEST 2023
addTurret, Sun May 28 17:16:12 EEST 2023
addTurret, Sun May 28 17:16:12 EEST 2023
addTurret, Sun May 28 17:16:12 EEST 2023
getTurrets, Sun May 28 17:16:12 EEST 2023
addCannon, Sun May 28 17:16:12 EEST 2023
addCannon, Sun May 28 17:16:12 EEST 2023
addCannon, Sun May 28 17:16:12 EEST 2023
getCannons, Sun May 28 17:16:12 EEST 2023
addEngine, Sun May 28 17:16:12 EEST 2023
addEngine, Sun May 28 17:16:12 EEST 2023
addEngine, Sun May 28 17:16:12 EEST 2023
getEngines, Sun May 28 17:16:12 EEST 2023
addTank, Sun May 28 17:16:12 EEST 2023
addTank, Sun May 28 17:16:12 EEST 2023
addTank, Sun May 28 17:16:12 EEST 2023
getTanks, Sun May 28 17:16:12 EEST 2023
createTables, Sun May 28 17:17:12 EEST 2023
addMechanic, Sun May 28 17:17:12 EEST 2023
addMechanic, Sun May 28 17:17:12 EEST 2023
addMechanic, Sun May 28 17:17:12 EEST 2023
getMechanics, Sun May 28 17:17:12 EEST 2023
addMaker, Sun May 28 17:17:12 EEST 2023
addMaker, Sun May 28 17:17:12 EEST 2023
addMaker, Sun May 28 17:17:12 EEST 2023
getMakers, Sun May 28 17:17:12 EEST 2023
addTurret, Sun May 28 17:17:12 EEST 2023
addTurret, Sun May 28 17:17:12 EEST 2023
addTurret, Sun May 28 17:17:12 EEST 2023
getTurrets, Sun May 28 17:17:12 EEST 2023
addCannon, Sun May 28 17:17:12 EEST 2023
addCannon, Sun May 28 17:17:12 EEST 2023
addCannon, Sun May 28 17:17:12 EEST 2023
getCannons, Sun May 28 17:17:12 EEST 2023
addEngine, Sun May 28 17:17:12 EEST 2023
addEngine, Sun May 28 17:17:12 EEST 2023
addEngine, Sun May 28 17:17:12 EEST 2023
getEngines, Sun May 28 17:17:12 EEST 2023
addTank, Sun May 28 17:17:12 EEST 2023
addTank, Sun May 28 17:17:12 EEST 2023
addTank, Sun May 28 17:17:12 EEST 2023
getTanks, Sun May 28 17:17:12 EEST 2023
createTables, Sun May 28 17:22:12 EEST 2023
addMechanic, Sun May 28 17:22:13 EEST 2023
addMechanic, Sun May 28 17:22:13 EEST 2023
addMechanic, Sun May 28 17:22:13 EEST 2023
getMechanics, Sun May 28 17:22:13 EEST 2023
addMaker, Sun May 28 17:22:13 EEST 2023
addMaker, Sun May 28 17:22:13 EEST 2023
addMaker, Sun May 28 17:22:13 EEST 2023
getMakers, Sun May 28 17:22:13 EEST 2023
addTurret, Sun May 28 17:22:13 EEST 2023
addTurret, Sun May 28 17:22:13 EEST 2023
addTurret, Sun May 28 17:22:13 EEST 2023
getTurrets, Sun May 28 17:22:13 EEST 2023
addCannon, Sun May 28 17:22:13 EEST 2023
addCannon, Sun May 28 17:22:13 EEST 2023
addCannon, Sun May 28 17:22:13 EEST 2023
getCannons, Sun May 28 17:22:13 EEST 2023
addEngine, Sun May 28 17:22:13 EEST 2023
addEngine, Sun May 28 17:22:13 EEST 2023
addEngine, Sun May 28 17:22:13 EEST 2023
getEngines, Sun May 28 17:22:13 EEST 2023
addTank, Sun May 28 17:22:13 EEST 2023
addTank, Sun May 28 17:22:13 EEST 2023
addTank, Sun May 28 17:22:13 EEST 2023
getTanks, Sun May 28 17:22:13 EEST 2023
createTables, Sun May 28 17:24:16 EEST 2023
addMechanic, Sun May 28 17:24:17 EEST 2023
addMechanic, Sun May 28 17:24:17 EEST 2023
addMechanic, Sun May 28 17:24:17 EEST 2023
getMechanics, Sun May 28 17:24:17 EEST 2023
addMaker, Sun May 28 17:24:17 EEST 2023
addMaker, Sun May 28 17:24:17 EEST 2023
addMaker, Sun May 28 17:24:17 EEST 2023
getMakers, Sun May 28 17:24:17 EEST 2023
addTurret, Sun May 28 17:24:17 EEST 2023
addTurret, Sun May 28 17:24:17 EEST 2023
addTurret, Sun May 28 17:24:17 EEST 2023
getTurrets, Sun May 28 17:24:17 EEST 2023
addCannon, Sun May 28 17:24:17 EEST 2023
addCannon, Sun May 28 17:24:17 EEST 2023
addCannon, Sun May 28 17:24:17 EEST 2023
getCannons, Sun May 28 17:24:17 EEST 2023
addEngine, Sun May 28 17:24:17 EEST 2023
addEngine, Sun May 28 17:24:17 EEST 2023
addEngine, Sun May 28 17:24:17 EEST 2023
getEngines, Sun May 28 17:24:17 EEST 2023
addTank, Sun May 28 17:24:17 EEST 2023
addTank, Sun May 28 17:24:17 EEST 2023
addTank, Sun May 28 17:24:17 EEST 2023
getTanks, Sun May 28 17:24:17 EEST 2023
deleteMechanic, Sun May 28 17:24:17 EEST 2023
updateMechanicExperience, Sun May 28 17:24:17 EEST 2023
dropTables, Sun May 28 17:24:17 EEST 2023
